{"cameraMode":{"drawMode":0,"name":"Shaded","section":"Shading Mode"},"sceneLighting":false,"audioPlay":false,"sceneViewState":{"m_AlwaysRefresh":false,"showFog":true,"showSkybox":false,"showFlares":true,"showImageEffects":true,"showParticleSystems":true,"showVisualEffectGraphs":true,"m_FxEnabled":true},"in2DMode":false,"pivot":{"x":-0.15938377380371095,"y":1.3150849342346192,"z":0.693270206451416},"rotation":{"x":0.060326747596263888,"y":0.8709011673927307,"z":-0.1106024757027626,"w":0.4751969873905182},"size":3.1980526447296144,"orthographic":false}