{"cameraMode":{"drawMode":0,"name":"Shaded","section":"Shading Mode"},"sceneLighting":true,"audioPlay":false,"sceneViewState":{"m_AlwaysRefresh":false,"showFog":true,"showSkybox":true,"showFlares":true,"showImageEffects":true,"showParticleSystems":true,"showVisualEffectGraphs":true,"m_FxEnabled":true},"in2DMode":false,"pivot":{"x":-0.05234749615192413,"y":-0.5869783759117127,"z":1.202244520187378},"rotation":{"x":0.21168315410614015,"y":0.01642378605902195,"z":-0.003587037557736039,"w":0.9772729873657227},"size":7.088723659515381,"orthographic":false}